{
  "constant_bias": {
    "EKF": {
      "rmse_attack_mean": 0.40561705054514463,
      "rmse_attack_std": 0.037172356560605684,
      "mae_attack_mean": 0.30112487430474094,
      "mae_attack_std": 0.03160126528768277,
      "rmse_full_mean": 0.4921165223065381,
      "rmse_full_std": 0.04296580125380511,
      "max_err_mean": 0.9517072500397905,
      "tpr_mean": 0.0,
      "tpr_std": 0.0,
      "fpr_mean": 0.0,
      "fpr_std": 0.0,
      "det_latency_mean": null,
      "det_latency_std": null
    },
    "UKF": {
      "rmse_attack_mean": 0.4054169844272234,
      "rmse_attack_std": 0.03688236237722993,
      "mae_attack_mean": 0.3010744289140748,
      "mae_attack_std": 0.031374837569426106,
      "rmse_full_mean": 0.49186744468570526,
      "rmse_full_std": 0.04273248244371059,
      "max_err_mean": 0.9517204453432611,
      "tpr_mean": 0.0,
      "tpr_std": 0.0,
      "fpr_mean": 0.0,
      "fpr_std": 0.0,
      "det_latency_mean": null,
      "det_latency_std": null
    },
    "ECM-LS": {
      "rmse_attack_mean": 0.4069907723868289,
      "rmse_attack_std": 0.03793344570840139,
      "mae_attack_mean": 0.29929981078929546,
      "mae_attack_std": 0.03229894039162557,
      "rmse_full_mean": 0.49261006803570784,
      "rmse_full_std": 0.04386708091766322,
      "max_err_mean": 0.9534561548158577,
      "tpr_mean": 0.0,
      "tpr_std": 0.0,
      "fpr_mean": 0.0,
      "fpr_std": 0.0,
      "det_latency_mean": null,
      "det_latency_std": null
    },
    "ABR-Stat": {
      "rmse_attack_mean": 0.0015090100073680915,
      "rmse_attack_std": 5.641078109901277e-06,
      "mae_attack_mean": 0.0012039450205698203,
      "mae_attack_std": 4.245441754864915e-06,
      "rmse_full_mean": 0.0014605641039748725,
      "rmse_full_std": 4.672078143436386e-06,
      "max_err_mean": 0.006603822062450152,
      "tpr_mean": 1.0,
      "tpr_std": 0.0,
      "fpr_mean": 0.049560065223357715,
      "fpr_std": 0.0010359235163456355,
      "det_latency_mean": 0.0,
      "det_latency_std": 0.0
    },
    "PBFT-BMS": {
      "rmse_attack_mean": 0.003795095259924584,
      "rmse_attack_std": 1.258073205981645e-05,
      "mae_attack_mean": 0.003416356048858694,
      "mae_attack_std": 1.3830945746043492e-05,
      "rmse_full_mean": 0.0033577397377144826,
      "rmse_full_std": 1.0784587018594597e-05,
      "max_err_mean": 0.010233579362379345,
      "tpr_mean": 0.9982438485368694,
      "tpr_std": 3.1816956720940116e-05,
      "fpr_mean": 0.0,
      "fpr_std": 0.0,
      "det_latency_mean": 0.0,
      "det_latency_std": 0.0
    },
    "ABR-PINN": {
      "rmse_attack_mean": 0.0016135540423403642,
      "rmse_attack_std": 2.3511072647962684e-05,
      "mae_attack_mean": 0.0012096298991810784,
      "mae_attack_std": 4.655803122115484e-06,
      "rmse_full_mean": 0.001558410400944759,
      "rmse_full_std": 1.865391496317102e-05,
      "max_err_mean": 0.047573016848775546,
      "tpr_mean": 0.9998460900964895,
      "tpr_std": 3.278132505740946e-05,
      "fpr_mean": 0.0,
      "fpr_std": 0.0,
      "det_latency_mean": 2.6,
      "det_latency_std": 0.5537749241945383
    },
    "_friedman_rmse": {
      "methods": [
        "ABR-PINN",
        "ABR-Stat",
        "ECM-LS",
        "EKF",
        "PBFT-BMS",
        "UKF"
      ],
      "avg_ranks": {
        "ABR-PINN": 2.0,
        "ABR-Stat": 1.0,
        "ECM-LS": 5.866666666666666,
        "EKF": 4.566666666666666,
        "PBFT-BMS": 3.0,
        "UKF": 4.566666666666666
      },
      "chi2": 142.51428571428556,
      "p_value": 0.0,
      "cliff_deltas": {
        "ABR-Stat": -1.0,
        "ECM-LS": 1.0,
        "EKF": 1.0,
        "PBFT-BMS": 1.0,
        "UKF": 1.0
      },
      "nemenyi_cd": 1.3177491921201596
    },
    "_friedman_fpr": {
      "methods": [
        "ABR-PINN",
        "ABR-Stat",
        "ECM-LS",
        "EKF",
        "PBFT-BMS",
        "UKF"
      ],
      "avg_ranks": {
        "ABR-PINN": 3.0,
        "ABR-Stat": 6.0,
        "ECM-LS": 3.0,
        "EKF": 3.0,
        "PBFT-BMS": 3.0,
        "UKF": 3.0
      },
      "chi2": 64.28571428571428,
      "p_value": 1.5762946503627973e-12,
      "cliff_deltas": {
        "ABR-Stat": 1.0,
        "ECM-LS": 0.0,
        "EKF": 0.0,
        "PBFT-BMS": 0.0,
        "UKF": 0.0
      },
      "nemenyi_cd": 1.3177491921201596
    }
  },
  "random_noise": {
    "EKF": {
      "rmse_attack_mean": 0.40561705054514463,
      "rmse_attack_std": 0.037172356560605684,
      "mae_attack_mean": 0.30112487430474094,
      "mae_attack_std": 0.03160126528768277,
      "rmse_full_mean": 0.4921165223065381,
      "rmse_full_std": 0.04296580125380511,
      "max_err_mean": 0.9517072500397905,
      "tpr_mean": 0.0,
      "tpr_std": 0.0,
      "fpr_mean": 0.0,
      "fpr_std": 0.0,
      "det_latency_mean": null,
      "det_latency_std": null
    },
    "UKF": {
      "rmse_attack_mean": 0.4054169844272234,
      "rmse_attack_std": 0.03688236237722993,
      "mae_attack_mean": 0.3010744289140748,
      "mae_attack_std": 0.031374837569426106,
      "rmse_full_mean": 0.49186744468570526,
      "rmse_full_std": 0.04273248244371059,
      "max_err_mean": 0.9517204453432611,
      "tpr_mean": 0.0,
      "tpr_std": 0.0,
      "fpr_mean": 0.0,
      "fpr_std": 0.0,
      "det_latency_mean": null,
      "det_latency_std": null
    },
    "ECM-LS": {
      "rmse_attack_mean": 0.4069907723868289,
      "rmse_attack_std": 0.03793344570840139,
      "mae_attack_mean": 0.29929981078929546,
      "mae_attack_std": 0.03229894039162557,
      "rmse_full_mean": 0.49261006803570784,
      "rmse_full_std": 0.04386708091766322,
      "max_err_mean": 0.9534561548158577,
      "tpr_mean": 0.0,
      "tpr_std": 0.0,
      "fpr_mean": 0.0,
      "fpr_std": 0.0,
      "det_latency_mean": null,
      "det_latency_std": null
    },
    "ABR-Stat": {
      "rmse_attack_mean": 0.0020757897605067454,
      "rmse_attack_std": 1.303242892279601e-05,
      "mae_attack_mean": 0.001604761804964284,
      "mae_attack_std": 8.807347206954774e-06,
      "rmse_full_mean": 0.0019123545836595382,
      "rmse_full_std": 1.0804579454978382e-05,
      "max_err_mean": 0.01171979594555374,
      "tpr_mean": 0.7798579293198366,
      "tpr_std": 0.0016160493610258753,
      "fpr_mean": 0.052857288925482845,
      "fpr_std": 0.0009701468309991116,
      "det_latency_mean": 0.1,
      "det_latency_std": 0.39581140290126393
    },
    "PBFT-BMS": {
      "rmse_attack_mean": 0.002110779994118815,
      "rmse_attack_std": 9.471739040618551e-06,
      "mae_attack_mean": 0.0016788539755084567,
      "mae_attack_std": 7.4851926433058835e-06,
      "rmse_full_mean": 0.001952921274651039,
      "rmse_full_std": 7.914643267335478e-06,
      "max_err_mean": 0.008975875999980672,
      "tpr_mean": 0.2869713293474615,
      "tpr_std": 0.001315928417535356,
      "fpr_mean": 0.0,
      "fpr_std": 0.0,
      "det_latency_mean": 1.4333333333333333,
      "det_latency_std": 1.5638272140986533
    },
    "ABR-PINN": {
      "rmse_attack_mean": 0.0016418070242651703,
      "rmse_attack_std": 6.997221926666852e-05,
      "mae_attack_mean": 0.0012287340872441468,
      "mae_attack_std": 1.3908444771261695e-05,
      "rmse_full_mean": 0.0015805867017209168,
      "rmse_full_std": 5.453781613180994e-05,
      "max_err_mean": 0.0298010947920638,
      "tpr_mean": 0.9973353854653801,
      "tpr_std": 0.0015581003677241096,
      "fpr_mean": 0.0,
      "fpr_std": 0.0,
      "det_latency_mean": 22.033333333333335,
      "det_latency_std": 20.900531625349203
    },
    "_friedman_rmse": {
      "methods": [
        "ABR-PINN",
        "ABR-Stat",
        "ECM-LS",
        "EKF",
        "PBFT-BMS",
        "UKF"
      ],
      "avg_ranks": {
        "ABR-PINN": 1.0,
        "ABR-Stat": 2.0,
        "ECM-LS": 5.866666666666666,
        "EKF": 4.566666666666666,
        "PBFT-BMS": 3.0,
        "UKF": 4.566666666666666
      },
      "chi2": 142.51428571428556,
      "p_value": 0.0,
      "cliff_deltas": {
        "ABR-Stat": 1.0,